district,dm_control_hba1c,dm_control_hba1c_se,dm_control_hba1c_lt7,dm_control_hba1c_lt7_se,dm_control_rbg,dm_control_rbg_se,n
1,0.7755276719937536,0.16692582211299528,0.6476401004690384,0.17254328018032725,0.7902529747530688,0.1662726213162074,30
2,0.813446578536327,0.10985868909660247,0.7708574701976126,0.11624909476093619,0.8379100466194795,0.10905334677417562,32
3,0.8302009594044963,0.10791435373190898,0.2081258449562788,0.12626669007761412,1,0,16
4,0.9201174997514072,0.06110778760778224,0.8517694430585442,0.07114593607076979,0.9932802133370702,0.005970568081650422,109
5,0.46741476634943335,0.13803664463982707,0.41337208522816693,0.1392330296934478,0.5305813246468023,0.16164533263119146,39
6,0.6278809647170986,0.23842308671388163,0.6278809647170986,0.23842308671388163,0.7095026268891345,0.24106744351048556,16
7,0.7915069462369134,0.09706502501304277,0.15461761373101435,0.10472186907865046,0.8567028577600331,0.09039541824749982,13
8,0.6202542964908716,0.18210423446841081,0.27083284269302044,0.11434989451159923,0.6892334463546285,0.1804735668040681,27
9,0.9457520137697513,0.03894332939473657,0.6376501777895871,0.10817900898099783,0.9592272701792386,0.03541343124324861,41
10,0.5816570809778869,0.1623297674390083,0.24869059207076974,0.09105731347700104,0.6037423791070052,0.16659492221756037,32
11,0.4006607693541873,0.1681711205748172,0.23960845164647715,0.11064296421681698,0.4006607693541873,0.1681711205748172,30
12,0.573613032554944,0.2268819111805615,0.4500910855708135,0.2097893040542226,0.9111124110599744,0.0554263188059693,21
13,0.9610595683787536,0.03607349959369478,0.8152418562776231,0.06748745393302619,1,0,26
14,0.8193939176588103,0.13312315977730418,0.6906951554024913,0.1759471984623711,0.8193939176588103,0.13312315977730418,24
15,0.9230938016793754,0.07500658355157613,0.16781287146400495,0.139688330614594,0.9600228536003633,0.048127589170351,8
16,0.7603412106624412,0.09218073380159095,0.7017867881131677,0.13025791875491263,0.8792203914645902,0.06382464679213447,7
17,0.971233194079661,0.024538037492539126,0.9444344654433243,0.033644400945134025,1,0,44
18,0.9129184069021927,0.04999558083007821,0.5435858736788198,0.1127870315681661,0.9423414392854719,0.03988200080546784,31
19,0.9362352192466538,0.02964043328170147,0.26298845664116305,0.16837588610944704,0.9606953298798198,0.0287961446917461,29
20,0.8545618049836035,0.11020441837634921,0.3000942952102754,0.19501459672985225,0.8545618049836035,0.11020441837634921,10
21,0.9095924325702457,0.06140984326793881,0.47602307043377956,0.15234493978480065,0.9095924325702457,0.06140984326793881,28
22,0.9401136933647218,0.04448578435573508,0.5524270773491292,0.23917354583837822,0.9401136933647218,0.04448578435573508,20
23,0.9428934622451941,0.050679236245686515,0.9094174959974016,0.070079055907926735,0.9428934622451941,0.050679236245686515,17
24,0.5842819277178776,0.14664286223659678,0.39913777295143293,0.14535968312076308,0.5842819277178776,0.14664286223659678,17
25,1,0,0.6387273150302466,0.28420757663687485,1,0,3
26,0.6161303189667708,0.18238806208246175,0.5086306544137656,0.14474598640281583,0.6558122076298591,0.18314734299738175,48
27,0.3754513805341777,0.2153602967254196,0.3305275812082838,0.19676181824313618,0.3754513805341777,0.2153602967254196,11
28,0.7590522666946674,0.09319891327000321,0.4713561817043873,0.08286866149144743,0.7590522666946674,0.09319891327000321,27
29,0.5705107918835054,0.1440906217636973,0.1890554140035846,0.08319696181888181,0.6818486776543042,0.1580312831399505,35
30,0.19027060392861014,0.09764685905630208,0.07640241870293213,0.051054407731880844,0.24955741764845066,0.12020721519699659,17
31,0.2252227626851126,0.12414204401214396,0.2252227626851126,0.12414204401214396,0.2252227626851126,0.12414204401214396,14
32,0.6602374892221962,0.08516014863490501,0.5469930413610118,0.049956186621587,0.6602374892221962,0.08516014863490501,24
33,0.4011587100965239,0.1613666303696827,0.14011933089964201,0.09614661272001532,0.564907677425277,0.16457452149559143,14
34,0.3958209120783128,0.14505235598632882,0.3958209120783128,0.14505235598632882,0.3958209120783128,0.14505235598632882,8
36,0.20939763261788355,0.11747602137898808,0.1488244558697795,0.11340621623853044,0.2986478832993725,0.1279150479342211,23
37,0.16565165002679363,0.09063172835263977,0.0671287173533337,0.04791668907778732,0.22109090474135298,0.08170018978722077,22
38,0.2591804359723993,0.1290969330015977,0.2066928677637928,0.11322439001399859,0.30506408990418526,0.14181402761706274,18
39,0.24391309484739943,0.08524377545113748,0.028259372653312884,0.025962303177066822,0.4522557457124232,0.10730446582856823,21
40,0.21868578251537193,0.09345764198859267,0.06066806845344881,0.043694463392729026,0.2103874052864538,0.08992778433410564,22
41,0.2831099673045175,0.1531391396470205,0.15438657436455755,0.11596683452546276,0.4628814641375998,0.13325695173159244,17
42,0.33365549285890056,0.0866749603828341,0.1742553752244153,0.0733435002258355,0.4718715929204819,0.08766699638615529,23
44,0.5374906815460255,0.13426797845325666,0.2825844026091926,0.10638013776377031,0.5571070055720492,0.1327378042817399,23
45,0.5122071986012813,0.12156961812224035,0.362729525043364,0.11478762185287185,0.5715063440236832,0.12022872005593996,38
46,0.6288976086794562,0.11385457035126074,0.42911879265550873,0.10772232891244578,0.7354676947743403,0.08898405026658363,28
47,0.3948382704574729,0.10844207103990794,0.23881063441362294,0.09329179407100359,0.5556600500790014,0.1488975093775035,21
48,0.14188892532816805,0.08845181066997028,0.07359122856625078,0.05658379700210441,0.18644883205353954,0.10247061513535034,18
49,0.43125069713542924,0.13010487868953743,0.2593046257660652,0.10017937704812804,0.47282958483031934,0.12420555606997302,25
50,0.2611805471139499,0.09379707534989036,0.15174930121892946,0.07810355505993584,0.3013547777736559,0.09857835163174902,18
51,0.2396175366946934,0.10236627484604864,0.10019208105889543,0.05195813045151306,0.3294353937961652,0.10771396529839371,26
52,0.4378621949863911,0.17748419367547152,0.20412788266623247,0.1366215297106349,0.48447411889859454,0.17118962413254835,19
53,0.4682422356437838,0.1388018907971585,0.39192896733355703,0.12700070458420076,0.42258434800529004,0.13046164274812355,32
54,0.36478341789678637,0.1693081158053849,0.2586532439181488,0.11614482953737561,0.38942662687059965,0.17099143417443183,22
55,0.15678060694697693,0.05818007069585906,0.07710336700567035,0.048009908298604326,0.2216130514369348,0.07178546113551475,24
56,0.2573928819330055,0.22292472371614827,0.2573928819330055,0.22292472371614827,0.47526512324917525,0.25437272652372406,4
57,0.8888700294823648,0.07902148630504104,0.719644690588011,0.11895793398692221,0.8888700294823648,0.07902148630504104,14
58,0.36696608281658066,0.2334594786023323,0.19097782549368053,0.15038307591119124,0.36696608281658066,0.2334594786023323,5
59,0.8338202029566687,0.1510423133735208,0.7316009836641839,0.1697852591904224,0.8338202029566687,0.1510423133735208,7
60,0.4708405806790382,0.15654401762918718,0.21851980010267597,0.08650096450342847,0.4953258545774415,0.15930631195007883,26
61,0.655275253617382,0.1118235212049355,0.5744382899549954,0.12783759088785215,0.655275253617382,0.1118235212049355,17
62,0.4642803526182341,0.25204252906516134,0.3260784649292655,0.2178637027441459,0.4642803526182341,0.25204252906516134,5
63,0.7944692153631051,0.14370184614587878,0.7944692153631051,0.14370184614587878,0.7944692153631051,0.14370184614587878,8
64,0.5493267555273937,0.23383106218945213,0.16728497036718543,0.1573469327706849,0.697942926972776,0.15595850686802212,6
65,0.5746096073792242,0.10186036380478501,0.4879326588047103,0.09249592307977404,0.599912763056889,0.09615650295185596,26
66,0.33126884332670264,0.1332069668234422,0.17702238837404954,0.09880079067778169,0.4368802514072304,0.11434536920082948,23
67,0.393059414700139,0.11657073785441908,0.24064498532968592,0.09939751305371136,0.5860669100357677,0.12464872756510634,23
68,0.5775535311381769,0.0912980183744816,0.38212578559757826,0.15706773388506048,0.6025792556817559,0.10614487313653852,25
69,0.20072535300391522,0.0720995992702023,0.13545892032807874,0.06655288594785419,0.3989264390860031,0.13916141498633555,16
70,0.5782390855719437,0.11998939111771702,0.28415662220495114,0.07978487031933888,0.5782390855719437,0.11998939111771702,21
71,0.5392497296892399,0.09771591018069051,0.38309387668357303,0.10262534895847487,0.5755494075123442,0.09400952444814435,39
72,0.7160295323595678,0.09404867815658136,0.4765687533522663,0.09727019902129039,0.7378582268349632,0.08456227133732898,60
73,0.27788880300905716,0.18787012571131992,0.1394198109173526,0.13644623160422442,0.27788880300905716,0.18787012571131992,7
74,0.6083531110312397,0.1066368112588383,0.4321621391710975,0.07609165478746367,0.6385678530400692,0.10840159556221553,36
75,0.8118347691229614,0.08354729486938242,0.7405815079506306,0.10254297616979681,0.8634007452342808,0.06584615423583166,33
76,0.17735709770676403,0.07233692512630636,0.17735709770676403,0.07233692512630636,0.39551505463632086,0.13655513684003176,22
77,0.5305855157643903,0.1573951201859843,0.4094113508307488,0.14636530148918597,0.7121329424694057,0.152522975993682,16
78,0.3469225331029686,0.12570200000738402,0.17569849407432195,0.11400590184353818,0.7455066717587289,0.1492465671969467,11
79,0.9297749931028474,0.04868485603159517,0.7478393181257169,0.10179976118254307,0.9596549971685374,0.03813280061463465,26
80,0.8080145510500878,0.06177834400101248,0.5624420213571818,0.11499175457202093,0.8194754239728156,0.06117406396741727,57
82,0.8108656361960195,0.06399789638552356,0.5996733728103654,0.07064197828635661,0.9035615602889652,0.0539213192793164,77
83,0.492405624544321,0.152872234444659,0.2590210208834663,0.12188601664130873,0.5201930850547737,0.14294359507648852,18
84,0.14293104303084808,0.10676078156332108,0.14293104303084808,0.10676078156332108,0.22277488881269175,0.13831925964723316,9
85,0.4237660308674168,0.2634674376049849,0.35637478892436725,0.24367891089758714,0.9475242875275329,0.057993090839281565,8
86,0.7923083179371491,0.1360104590255116,0.44161580842632214,0.24115611100601106,0.8201717813305333,0.12637955229612866,7
87,1,0,1,0,1,0,5
88,0.31691802888376686,0.13764599341161543,0.16077961180558445,0.08688500122453648,0.6055518203459923,0.09602342175478329,16
89,0.6477198507610082,0.1386846552045803,0.6075602527840053,0.13398983981885856,0.6477198507610082,0.1386846552045803,18
99,0.7784692072180837,0.08219251122799867,0.6339388328343024,0.08866695063758995,0.8864056364828995,0.04194279083117582,53
100,0.8366003452922219,0.07642972758515103,0.6876695559837944,0.11089990634305949,0.8937887440989765,0.06356236126183819,43
101,0.9284933415644203,0.04818808989428639,0.4895319982932637,0.13062949065972784,0.9284933415644203,0.04818808989428639,34
102,0.8595160990936254,0.05677439689014952,0.7557182775081124,0.0762943784437309,0.9071798086172173,0.05206311043177792,35
103,0.9110832609151744,0.057221625360062985,0.7507903466124755,0.068802581355754,0.9110832609151744,0.057221625360062985,45
104,0.8377133975989417,0.14039494101791164,0.8377133975989417,0.14039494101791164,1.0000000000000002,1.3911937125142416e-16,4
105,0.7013380012373266,0.23485738109225598,0.3530238783851522,0.20236625630782998,0.7013380012373266,0.23485738109225598,7
106,0.2648733659458418,0.24264665936737356,0.2648733659458418,0.24264665936737356,0.2648733659458418,0.24264665936737356,4
107,1,0,1,0,1,0,3
108,1,0,0.6504774664013371,0.20756634216963404,1,0,7
109,0.7957933945441291,0.18823636979786532,0.7957933945441291,0.18823636979786532,0.7957933945441291,0.18823636979786532,4
110,0.774242531058056,0.10311590503093425,0.4263139399202346,0.14578070708036997,0.8041957897903091,0.10257801997593906,22
111,0.8099069839594921,0.08889697898289803,0.6325186244427369,0.11481626968890332,0.8099069839594921,0.08889697898289803,23
112,0.257804564127958,0.13698740856053132,0.257804564127958,0.13698740856053132,0.257804564127958,0.13698740856053132,12
113,0.8903351007010938,0.05764844693604546,0.7546086208438917,0.11572272950392568,0.9252567801462556,0.04600916459960285,21
114,0.8930440717285921,0.08627405414019079,0.83908120148228,0.11322028803626782,0.8930440717285921,0.08627405414019079,13
115,0.6594668008213508,0.2780642295008255,0.6594668008213508,0.2780642295008255,0.6594668008213508,0.2780642295008255,3
116,0.5248222603518524,0.1491555066661644,0.35651250547076224,0.1289455784750932,0.5248222603518524,0.1491555066661644,11
117,0.5520430926836325,0.06606129627159851,0.5520430926836325,0.06606129627159851,0.5520430926836325,0.06606129627159851,3
118,0.7734340396496463,0.07384153348438782,0.6830651823761684,0.06521103126272296,0.8479625584767383,0.07924658055442013,36
119,0.6490436248142322,0.19882168650872817,0.6490436248142322,0.19882168650872817,0.6490436248142322,0.19882168650872817,6
120,0.6359795233279466,0.1697003203518347,0.6359795233279466,0.1697003203518347,0.6359795233279466,0.1697003203518347,8
121,0.21958534343488387,0.19845279784415218,0.21958534343488387,0.19845279784415218,0.4748949263586103,0.25094015484786747,4
122,0.7046963416414477,0.20856357485958144,0.453315559494411,0.178536499434765,0.7046963416414477,0.20856357485958144,10
123,0.8861520558471943,0.11093393322664903,0.7874322444384861,0.14483609306678769,0.8861520558471943,0.11093393322664903,7
124,0.7926562420420453,0.05946796041638696,0.468783053746905,0.07219482959558472,0.8184865937751101,0.07102571368639224,25
125,0.25916116264183897,0.27202663062162724,0.25916116264183897,0.27202663062162724,1,0,2
126,0.7265770109895628,0.18067454109107156,0.7265770109895628,0.18067454109107156,0.7265770109895628,0.18067454109107156,6
127,0.7408171933996996,0.1576079049157756,0.7408171933996996,0.1576079049157756,0.7408171933996996,0.1576079049157756,8
128,0.7401944438400914,0.1941175546405047,0.23619541644101838,0.18026737836465365,1,0,6
129,0.7834553469804839,0.19714367927770182,0.7834553469804839,0.19714367927770182,0.7834553469804839,0.19714367927770182,4
130,0.8897566383163463,0.07846682679818531,0.6956962864328784,0.08236853018817562,0.9121152642232523,0.07517743000191392,31
131,0.858185160207422,0.14098106046267603,0.5798434948046681,0.23873006387365517,0.858185160207422,0.14098106046267603,5
132,0.7225150805424874,0.17761050543801293,0.7225150805424874,0.17761050543801293,0.7225150805424874,0.17761050543801293,8
134,0.49086773781882165,0.12360408706082872,0.3307632869206107,0.10298031692663813,0.455019257433545,0.11764071834963133,32
136,0.659235901298615,0.14517930655797875,0.3491288142473659,0.1292252240522272,0.7624596486508406,0.1251638804347685,12
137,0.42499952573304495,0.12455486907984052,0.19101757546643883,0.09372990808539987,0.6180576825866361,0.14125702655799832,27
138,0.22894188577939886,0.06737425407414188,0.197635733586345,0.07705926005028323,0.3549893269962806,0.10075905190266274,24
139,0.4667296511332933,0.13843562167671414,0.08993843324744988,0.040127826859110524,0.5008220043568432,0.15222867492408634,22
141,0.5945514153210463,0.1738498587452748,0.5137567113994571,0.1727050086602363,0.5945514153210463,0.1738498587452748,13
142,0.8973985902713142,0.10346092537135797,0.6401934081594111,0.20221514153290351,0.8973985902713142,0.10346092537135797,6
143,0.30615303142820227,0.16022926062919993,0.14527098027494006,0.11271282268760292,0.30615303142820227,0.16022926062919993,12
144,0.7822317977290457,0.10069227485455642,0.6958679500108765,0.10665907952944208,0.7822317977290457,0.10069227485455642,52
145,0.6182900075817733,0.14443676000469408,0.5459984640759101,0.12882866070245516,0.8542189177831975,0.08045092487134665,23
146,0.4986816145324358,0.12538682784343042,0.38942286249738145,0.11056206029472197,0.6798254026526488,0.12259070597016264,16
147,0.34735174688113246,0.15379818812971852,0.2205671919762135,0.10141447058831088,0.4533871421655246,0.1794379386900573,11
148,0.6625140658292555,0.20813018590038251,0.6625140658292555,0.20813018590038251,0.825262517653697,0.16286145142548283,5
150,0.9079884377382186,0.08327486264978728,0.8038099427874967,0.14711670668696888,0.9079884377382186,0.08327486264978728,6
151,0.3196998139305613,0.2674232378369676,0.3196998139305613,0.2674232378369676,0.3196998139305613,0.2674232378369676,3
152,0.42401798872322427,0.1827469284662019,0.3060305990377795,0.19036950693472465,0.460223199312336,0.1735683430800398,12
153,0.8145725685460036,0.12916246221350247,0.7744234338823389,0.1304878396704149,0.8145725685460036,0.12916246221350247,18
154,0.6458831151048634,0.14890902569621148,0.3345076180553284,0.13754252375282627,0.6458831151048634,0.14890902569621148,11
155,0.7452437147436853,0.1334309028863827,0.615319836927869,0.20753027343622432,0.7452437147436853,0.1334309028863827,8
156,0.9474156775284803,0.05219792106834673,0.758082364952609,0.10219213561109897,0.9474156775284803,0.05219792106834673,22
157,0.5589181203510346,0.10701252223727475,0.4602625768870815,0.11386429027141878,0.672153320446696,0.11973955759928193,18
159,0.7859396505185812,0.13422251117295783,0.11367577164185769,0.11295516666046927,1,0,7
160,0.7702977170917936,0.15812471946063633,0.4372170994904635,0.1920060090202468,0.8712686073182372,0.13074788465653123,9
161,0.7306750331329188,0.15098061309601313,0.6389582007553616,0.17302207015510343,0.8215831845305107,0.12398124206698527,9
162,0.8697629936968946,0.09352933935657476,0.560557704518344,0.1417058139948888,0.8697629936968946,0.09352933935657476,14
163,0.9383282978419322,0.06182621819774537,0.7489522213308727,0.12973545338682857,0.94125671337884,0.05878233006174735,19
164,0.7388845699787896,0.13636379398803813,0.6598307535528645,0.13404109307557138,0.7388845699787896,0.13636379398803813,24
165,0.6173524562890579,0.1282651567429026,0.5826849297223418,0.1296966881759808,0.717263528351927,0.1700703427594561,21
166,0.94831276151035,0.05258969333198575,0.659213121888146,0.17635322787259292,0.94831276151035,0.05258969333198575,16
167,0.7872630078082374,0.11254336774473889,0.6879299233883033,0.11110706628512795,0.8085252131853574,0.1111892705520717,36
168,0.5760212217332705,0.271370260575713,0.5760212217332705,0.271370260575713,0.5760212217332705,0.271370260575713,7
169,0.8902499178519223,0.0564433519848587,0.7915698679098953,0.07949674981015577,0.9504080876252837,0.052063114969295964,19
170,0.963219499533646,0.037600684940088815,0.691801988755123,0.13837397412717817,0.963219499533646,0.037600684940088815,16
171,0.9373350397537912,0.039778416674494055,0.8274782987679105,0.06339872119826043,0.9893924788388213,0.010950660412553999,64
172,0.747296632730295,0.12307663329786318,0.4111803658504016,0.13865391505200989,0.7981641087711598,0.11749522432472036,17
173,0.7967608248518709,0.10806388017575468,0.759455361747524,0.11672719113053613,0.7967608248518709,0.10806388017575468,20
174,0.3759489382468847,0.2143923510003823,0.3759489382468847,0.2143923510003823,0.3759489382468847,0.2143923510003823,6
175,0.8936288004994893,0.0921584867036317,0.7802913740118568,0.13058014632149803,0.8936288004994893,0.0921584867036317,7
176,0.9061657009019789,0.057148555478893574,0.7212746589266669,0.044466587693860644,0.9251888960246448,0.044096180177406644,56
177,0.5714957274543198,0.19219515530745096,0.3410673650771712,0.17115523834421192,0.6183784727852955,0.19025965913554319,14
178,0.1842468224517757,0.0953153370192708,0.1271634105521713,0.07699093257034645,0.3532368475024736,0.1725527702350555,12
180,0.9247241334280896,0.049009706540549244,0.7346440843508953,0.07292777742374523,0.9564358253530655,0.033407924996007546,37
181,0.8043742593736556,0.09729978102984949,0.5029457586438093,0.11505386458617799,0.8043742593736556,0.09729978102984949,19
182,0.9224132565841049,0.05633483856147393,0.7223083083979068,0.10848535111036331,0.8816555866611951,0.0669242215876592,29
183,0.8852843561030393,0.038014870598159875,0.8694736943391127,0.03168027209465676,0.951396901995083,0.03139667711184289,45
184,0.7754215827753752,0.09955927451390106,0.6189273000510399,0.10322851823596065,0.7754215827753752,0.09955927451390106,27
185,0.8587298740231006,0.06314169703850181,0.6486943420223674,0.09506233467332474,0.8844083282429714,0.056443783820697535,58
186,0.8451781867948885,0.14111823011819463,0.5215921964966476,0.18937628926568686,0.8451781867948885,0.14111823011819463,10
187,0.5994008840424502,0.16050330716052608,0.2764961448480584,0.16825094969204407,0.7756775617287135,0.11870585689964645,10
188,0.7198145960752532,0.0958990276694466,0.4266821880417949,0.10859276187771236,0.766588877160501,0.09066750129289332,39
189,0.9506618634598687,0.019611538697394175,0.8534408122081725,0.046587835133468085,0.9676383947384759,0.014295286168073459,48
190,0.8905623376092252,0.060196425293815164,0.7675228669152157,0.10256089637365526,0.974992457088836,0.020225251051968623,62
191,0.5183449667273312,0.1958452953455481,0.4665891175499947,0.19783383722525333,0.5860227204387698,0.2037179607897322,12
192,0.8095167799072861,0.10038342321630164,0.6608222775309195,0.11013608490365959,0.8095167799072861,0.10038342321630164,29
193,0.8314032895988023,0.06821367903422619,0.5295841513240114,0.08024513049307655,0.8724790740299168,0.06217681128759838,49
194,0.9416222621296706,0.023392763495045966,0.7625391244177244,0.054797802018952055,0.9416222621296706,0.023392763495045966,93
195,0.9587042677484912,0.03099459972322928,0.518752864483921,0.11656680090452456,0.9587042677484912,0.03099459972322928,47
196,0.7623928697974075,0.11843666736573077,0.42277571220728144,0.1753878416470636,0.7623928697974075,0.11843666736573077,13
197,0.8858596277685338,0.053264428906521395,0.6493406747505559,0.05635923681715231,0.8858596277685338,0.053264428906521395,53
198,0.8323376444649301,0.0909873448426367,0.6390404183544146,0.14899510425095336,0.8323376444649301,0.0909873448426367,17
199,0.7436366477398559,0.11991788794841482,0.5113283724268186,0.11641653725837174,0.7436366477398559,0.11991788794841482,35
200,0.7056661366973359,0.15933660559749074,0.5676633099796442,0.14998259249446158,0.734207483635109,0.1681218927314032,29
201,1,0,0.4803165388333517,0.12726457793257132,1,0,6
202,1,0,0.7920938459270201,0.21087515728363282,1,0,3
203,0.932422392247304,0.05181139030339465,0.2545924062977469,0.16180129631316284,0.9491706178512318,0.04153639768171091,12
204,0.1504496658232167,0.062091193195692375,0.08466587495976399,0.05045651415755659,0.1655904754933053,0.06858289516946074,19
205,0.44221748668224664,0.31391737559754435,0.05068066504828224,0.058519801438904756,0.44221748668224664,0.31391737559754435,4
206,0.48548425937372774,0.29618031052216026,0.07273409100655512,0.06421314012356093,0.5187527785106663,0.2964187376331288,7
207,0.8491312907273867,0.04883065637018361,0.7656993185599617,0.07747497855222635,0.8491312907273867,0.04883065637018361,15
208,0.9468781827345346,0.04339596153835825,0.5934833319656865,0.22399090162760724,0.9468781827345346,0.04339596153835825,11
209,0.5298715076824217,0.23585237714180718,0.1448624087016626,0.06867845242693527,0.5677647169187425,0.2252827055186495,16
210,0.6038731240405265,0.2100247187867082,0.44774841356411144,0.16556819881590373,0.6593932225219512,0.21902331931431193,21
211,0.8973411929261229,0.05141218542709813,0.44843373191151226,0.1274597746646679,0.9152250315354822,0.04704795882386664,34
212,0.2832276668795699,0.13958549288763067,0.23729913859724125,0.12111105811870365,0.8033933374554344,0.13552166578796992,12
213,0.6852391588965373,0.25760943426066496,0.6553337881113257,0.2580468239926769,0.6852391588965373,0.25760943426066496,5
214,0.4393939137574196,0.24170004204403445,0.396648012960932,0.24079372106723224,0.4393939137574196,0.24170004204403445,10
215,0.20271916599114487,0.1315898609254303,0.17718121407954368,0.11751161324403951,0.2435999618396914,0.15378475165554553,19
216,0.5240420248917967,0.148044538190543,0.4950906825479631,0.1357505126837531,0.5240420248917967,0.148044538190543,25
217,0.6824057327161784,0.20898933308245624,0.6193508124831061,0.2067929082508853,0.6824057327161784,0.20898933308245624,20
218,0.530663797416817,0.2151561147563475,0.38288018861660955,0.2618078216512212,0.5494926831248381,0.21284983513386263,12
219,0.9277414751376197,0.05085814046049031,0.7668889876286226,0.15462960880324036,0.9283801174718591,0.0500029514746867,28
220,0.8987636197141036,0.04620006181290317,0.7734686161769133,0.05208767540960157,0.9175187487859815,0.04507200568744803,47
221,0.38454823215707223,0.1911886969579061,0.38454823215707223,0.1911886969579061,0.40165025277926086,0.19353109141546895,16
222,0.8174847759905616,0.14388467493722293,0.7506762410826223,0.1392148648220991,0.8239349630738766,0.13835285892907928,44
223,0.6467021633045247,0.11794591930850469,0.5817056934295128,0.11052225695863499,0.6907201560897009,0.12588941182187843,15
224,0.16232846000677248,0.057570780140855746,0.1237420995573788,0.053222082200815195,0.37079724589858176,0.1785605318303553,11
225,0.7535648984752968,0.14035930386026446,0.4482261436888303,0.15132338196710438,0.7535648984752968,0.14035930386026446,26
226,0.8339993612586032,0.041579987281340776,0.6522565893151163,0.06516619050807265,0.8525109204470334,0.04878493798246023,25
227,0.7163558481558535,0.17007481049386727,0.31829642682429865,0.11748690664344205,0.7875389463580235,0.16812899142911286,25
228,0.6727638995277143,0.25086365188839216,0.5484931666413636,0.1955315928872014,1,0,23
229,0.5083847302703406,0.2709233022956257,0.5083847302703406,0.2709233022956257,0.899189276750745,0.0725156316354919,17
230,0.5583801238651798,0.15863109893491825,0.40211958167148115,0.1516256422378279,0.5583801238651798,0.15863109893491825,32
231,0.9096523463305821,0.07541844394639971,0.5637387981077042,0.058549559515529495,0.9096523463305821,0.07541844394639971,27
232,0.9138500920368026,0.06778696944817371,0.6319991707655706,0.23509896553075843,0.9540150247478612,0.05081524188647707,16
233,0.6461124777601508,0.1643493577799065,0.49824803871243206,0.16863730366537005,0.6461124777601508,0.1643493577799065,6
234,0.22276684638739902,0.16691415621462366,0,0,0.2727447812450879,0.18228725953045719,11
235,0.9620339586526744,0.0449729791555236,0.2846356672345779,0.21299645983479312,1,0,8
236,0.8910353598081998,0.10802659244991727,0.5547763403225898,0.19461582456467802,0.8910353598081998,0.10802659244991727,9
237,0.8645300416139383,0.08572196458038715,0.553306230417183,0.17423745185915943,0.9129050660938473,0.054159343567267794,18
238,0.8585812663404462,0.11204712316317503,0.5155955423043391,0.06326661342252425,0.8585812663404462,0.11204712316317503,30
239,0.49033896242204633,0.3030717733554066,0.49033896242204633,0.3030717733554066,0.49033896242204633,0.3030717733554066,5
240,0.2612051600796624,0.20062073325394175,0.21652733657684775,0.1713087344375936,0.2612051600796624,0.20062073325394175,9
241,0.8582463253029159,0.10649667892754956,0.5644003699549509,0.21377802777210234,0.9488317569028851,0.05473320810849483,13
242,0.4327622431018713,0.23957509569596136,0.3963003793519331,0.23651853204320522,0.45492150672608966,0.2421456726911874,17
243,0.9073952737462676,0.04967605851334107,0.3679847061600072,0.16538217876110314,0.924932063297522,0.04309399877764015,33
244,0.6459839846648195,0.14974999516101736,0.4865589761167789,0.17913410241521102,0.7276131882766643,0.1264173746682351,17
245,0.8595428628781211,0.10930885233143706,0.7284438546980396,0.12333314551991623,0.8595428628781211,0.10930885233143706,17
246,0.6960989476539359,0.1793355322474876,0.43877117804487076,0.11487510454948996,0.6960989476539359,0.1793355322474876,11
247,0.8849344017451974,0.0730252192881469,0.6754918486437154,0.06325463604347883,0.8924206515340453,0.07186540724242252,47
248,0.7559414040548417,0.11184397898852379,0.5813177377976637,0.1102915285477867,0.8301261374500518,0.0700933222542196,85
249,0.9195289361106748,0.05089700701820221,0.8444457315409777,0.06910149172041023,0.9195289361106748,0.05089700701820221,41
252,1,0,0.5473464228896702,0.1899983897131364,1,0,12
253,0.8426557331755657,0.0970472375833371,0.6125464812587266,0.1664332968718598,0.8426557331755657,0.0970472375833371,6
255,0.8295781923020312,0.05955866316417716,0.4709700748238147,0.07165665852518156,0.8822815581210713,0.0513298248564744,105
257,0.7229505317212876,0.09956653276428445,0.41041721929326164,0.11749139407287083,0.7431207477808034,0.10033248798963589,27
258,0.79823646226281,0.1065967598766257,0.6741959920440717,0.1282574094634436,0.883176909840807,0.07128334512855106,19
260,0.8375041515645983,0.15504521682846267,0.3544930759122612,0.16349653956876675,0.8375041515645983,0.15504521682846267,6
261,0.03674142951796981,0.04221186500109081,0.03674142951796981,0.04221186500109081,0.03674142951796981,0.04221186500109081,7
262,0.6994109638520741,0.1383424610299633,0.5766534226149129,0.1531631926337122,0.6994109638520741,0.1383424610299633,11
263,1,0,0.40306371275294417,0.3426863716723311,1,0,2
264,0.7133505628820214,0.1852936786130431,0.417982177739615,0.22131633114876115,0.7536802111679437,0.18069190250072079,13
265,0.45499332084730826,0.12148603179757438,0.41237041269967006,0.1193262175632807,0.45499332084730826,0.12148603179757438,33
266,1,0,0.9140832683440545,0.11185583894992358,1,0,2
267,0.9618059506012262,0.05043317701961311,0.9618059506012262,0.05043317701961311,0.9618059506012262,0.05043317701961311,9
268,0.7391892443160917,0.13680861324654253,0.7391892443160917,0.13680861324654253,0.7965185066158617,0.1623376556343479,6
269,0.6091007528950575,0.31830099981909077,0.6091007528950575,0.31830099981909077,1,0,3
270,0.5290542464229344,0.3323324478473878,0.49107042676779433,0.3289075293486226,0.5290542464229344,0.3323324478473878,6
271,0.4973521868885822,0.21029360898784938,0.4289614025110684,0.20254847888306085,0.4973521868885822,0.21029360898784938,12
272,0.5676097357958897,0.2459563593974518,0.5387246689844065,0.24415562674522703,0.5676097357958897,0.2459563593974518,11
273,0.516984321549983,0.24044576683524688,0.08322961870820703,0.06543210966522686,0.516984321549983,0.24044576683524688,10
274,0.7749323687906396,0.1682550860135913,0.6548580890176369,0.2260039351244382,0.8508513456764688,0.12913064280665992,8
275,0.40105275387933986,0.10905027607871877,0.32933372997435506,0.10487287284703514,0.40105275387933986,0.10905027607871877,28
276,0.5437077140339428,0.20556189337338743,0.43423026702642054,0.2136706102944403,0.5699128603830318,0.2053583472518144,18
277,0.40707544212954977,0.17547578302821892,0.14702856715168774,0.06486831740687166,0.5922130448631517,0.18305904341878423,21
278,0.6330348251256295,0.15001391194633518,0.41723984528672264,0.1520164638155009,0.66377978026082,0.14968836705376481,33
279,0.7672655234034913,0.16053130418688896,0.6238078136177879,0.1546941139946073,0.7672655234034913,0.16053130418688896,9
280,0.5152040280344871,0.11494739052963447,0.41832505148227184,0.11301877256384851,0.6069589526407053,0.11135434049845067,15
281,0.8162014348017834,0.09624012010594153,0.589628555959703,0.17966856522814856,0.8930383892496203,0.07108788192058314,18
282,0.2702853625260429,0.15395584894502526,0.23522730869364358,0.15235436302057406,0.28929642317706455,0.15029737924147454,17
283,0.631164050866041,0.09887354058148679,0.2653682237828942,0.1672085947627348,0.6512934596045986,0.08961069398908014,24
284,0.4525124797786496,0.1765732977278136,0.2521484680770626,0.153508332000838,0.4809043979965217,0.17768123360898527,20
285,0.9008615881991149,0.06323883489262316,0.4873411383413624,0.20912533014791085,0.9220675004646789,0.05503720113425693,18
286,0.42585890660315057,0.2103518517435825,0.06567290795265338,0.04465476167579569,0.44649831736324463,0.21265121110426155,16
287,0.09833082466120377,0.08080059439314641,0.02462617527069276,0.02942664706317508,0.3453049118185652,0.2749675838268013,8
288,0.5596680140481082,0.14655256622510354,0.33483864555032805,0.1743421527613617,0.5596680140481082,0.14655256622510354,10
291,0.091959682341276,0.0861710434242785,0.027147466130965588,0.034092839845280616,0.091959682341276,0.0861710434242785,8
295,1,0,0.20013159566141195,0.16699719108981084,1,0,5
297,0.9227397866668436,0.07064167590556138,0.3172269226114858,0.2310714410586424,0.9227397866668436,0.07064167590556138,10
298,0.8069343988255492,0.08869308274638152,0.3990881144548577,0.13976211531545704,0.900804284144238,0.06711649040506261,14
300,0.9055843351746674,0.08823464263568535,0.21519992785166953,0.16439030262398352,0.9055843351746674,0.08823464263568535,13
302,0.9325042118394274,0.032608223206307914,0.20037539997987894,0.07109102386420273,0.9463864715584275,0.026759800122402044,25
303,0.8811306210084209,0.0716988705804674,0.30949533752428815,0.1171627734270536,0.8811306210084209,0.0716988705804674,22
304,0.9094452616171805,0.06461267572703958,0.12584191054383825,0.0847326244757042,0.9094452616171805,0.06461267572703958,13
307,0.40084284645537016,0.24409677302707755,0.2636631480607893,0.17367608865663134,0.40084284645537016,0.24409677302707755,13
308,0.11815932561014378,0.05602349667703611,0.05582171479066379,0.06616129820140115,0.11815932561014378,0.05602349667703611,7
309,0.9200468815040613,0.05295622093815963,0.6774643748087723,0.21253310728114752,0.9200468815040613,0.05295622093815963,13
310,0.4645054026351302,0.1686702584029672,0.38717257910866776,0.1644140003292031,0.6568025398173221,0.1614513970018551,23
313,0.5861277334605246,0.17986183271312628,0.33678021357879095,0.15623744696703354,0.7518068561277385,0.1719282742362478,25
315,0.914264113924205,0.04353302057773905,0.371706777146197,0.2344719211265165,0.914264113924205,0.04353302057773905,15
316,0.5020612233561317,0.2192321966428083,0.13533730587028142,0.06313476810461495,0.8191232063714655,0.09903177574278248,18
317,0.2700003612043912,0.10199613160728328,0.1179745242629329,0.05590414679548885,0.47067825676626207,0.13607225423829247,22
318,0.7553219351654984,0.19295523938989673,0.2534271186389413,0.18227564555686374,0.7553219351654984,0.19295523938989673,15
319,0.9260271340096664,0.054006714662662665,0.30012494685296237,0.22496134080580704,0.9441643754409931,0.04275027987960607,17
320,0.5993854804970102,0.24563298031420042,0.4120688538382149,0.17227072124389844,0.6403336622120325,0.24710319828929467,21
321,0.5889205409560424,0.11443731092508513,0.5153379945192471,0.12102077401544012,0.9042265257615155,0.050777414004753954,31
322,0.17976056066615825,0.10401016681541253,0.11369374326926159,0.07843486998270854,0.2957673897635788,0.12205373518073656,16
323,0.47421264197395335,0.11629916232474256,0.17324883888846793,0.10864900538090842,0.47421264197395335,0.11629916232474256,28
324,0.520970622856926,0.21293619039877423,0.23955246989669055,0.14143790541655238,0.9210884438894298,0.06233850450905213,16
325,0.8938534849006877,0.0640112098994752,0.46168594342413627,0.12706602798242322,0.9092950600196622,0.057638756874789344,17
326,0.4341214240815244,0.14438019088036258,0.2510145623207131,0.1620169265879981,0.448784693385972,0.14631781911389136,18
327,0.12399186481096294,0.07834607005269505,0.043589693773498604,0.03680855226917413,0.3461813332268599,0.20816830758458693,13
328,0.11482321694317382,0.09882443532728395,0.06046118938666987,0.04994700283921046,0.11482321694317382,0.09882443532728395,11
329,0.43683076577913904,0.23442990892946045,0.23122783694187907,0.1501651671241087,0.43683076577913904,0.23442990892946045,12
330,0.7321032116810339,0.17123212207033456,0.16727088897025605,0.06715279884732649,0.7531091450683861,0.17092809453693789,19
331,0.53650517569525,0.18420004202385298,0.20708180422413436,0.11655409275771342,0.6258405673786821,0.17787132363449995,9
332,0.3153083543454302,0.11079714418890195,0.17121625780912852,0.0647967049821649,0.35232661325767134,0.11996361735647053,20
333,0.3488654549298984,0.1849681263002079,0.2980467272886481,0.1836074970792686,0.3488654549298984,0.1849681263002079,20
334,0.3200649667814437,0.16572793494238455,0.25829032638322796,0.15740132878134472,0.3391519905235868,0.1678857365340485,18
336,0.22273045010642012,0.11746547159978632,0.14673925155594172,0.08150012781840947,0.22273045010642012,0.11746547159978632,25
337,0.5580393074568873,0.19957681291484497,0.5259447367821218,0.20070194676348957,0.6852809945526666,0.1403012776548804,19
338,0.23843669822430416,0.13941254620731533,0.19886461477692935,0.13834626486081794,0.365480328364499,0.15330728693736578,25
339,0.9299356588650716,0.08086624608568989,0.9299356588650716,0.08086624608568989,0.9299356588650716,0.08086624608568989,7
340,0.9378973148168002,0.05433896895924781,0.12969617639999734,0.08256340110484674,0.9378973148168002,0.05433896895924781,17
341,0.34459009344413577,0.16366888901605736,0.2026177819955106,0.1305728802502322,0.5407127030401405,0.22039468324257838,22
342,0.2862072510522252,0.15413390675482205,0.13631105572389499,0.1236279040796071,0.30315527512637525,0.1602825000042152,23
343,0.45536199027506175,0.17653398275366888,0.15101025041511254,0.04607564317111899,0.47492203223796925,0.19043122548172822,30
344,0.38469289988807964,0.1787871735526844,0.3112747087707055,0.1763652904502437,0.4771571122651008,0.18490498421845802,22
345,0.5891307479725881,0.11825840969414998,0.42590102262605456,0.14024477562351356,0.6094388338156885,0.11644448716805436,28
346,0.5061077294448703,0.24920115777327342,0.5061077294448703,0.24920115777327342,0.5061077294448703,0.24920115777327342,6
347,1,0,0.5675746409259539,0.18631001429605623,1,0,8
348,0.6063250470520791,0.15430740115421857,0.5618511949278041,0.15661840320164433,0.6501061307487207,0.17335493045946643,20
349,0.9412450640278803,0.04498827343900385,0.5449359209159507,0.17062953694196079,0.9445056320628414,0.040133628846705315,13
350,0.8012684746947347,0.13901571118073955,0.751599661635059,0.1568684283936359,0.8012684746947347,0.13901571118073955,15
351,0.48499077559238885,0.28045273744210353,0.3374354283768895,0.22292491492709182,0.9999999999999999,6.3033422456351e-17,5
352,0.6185952632868634,0.22538644758377507,0.3890048800581454,0.16349765558147286,0.7905518662174187,0.15435843610319896,13
353,0.8404813953529926,0.07288076087174661,0.3739747203640271,0.0739920238915828,0.8404813953529926,0.07288076087174661,5
354,0.7691306301130517,0.11573300770688069,0.5654904883575486,0.07193261190076611,0.8192559892793937,0.10060773403569939,41
355,0.6865031507545484,0.08732583962164567,0.6295257563791011,0.08148235825668015,0.6865031507545484,0.08732583962164567,29
356,0.7022946717660216,0.1114430202775255,0.5991129860315856,0.11007535279039805,0.7022946717660216,0.1114430202775255,17
357,0.6741697773400994,0.2302318348887893,0.4797020094461085,0.20133461254660268,0.6872015360333522,0.22749750680254602,18
358,0.7526576625389707,0.14489550114889768,0.32045723408176746,0.09445220109893962,0.7938121738062578,0.14490558557488292,15
359,0.9357727666228172,0.03876487105271268,0.8096024754662511,0.056384485702421425,0.9688052772369267,0.0242448182619787,25
360,0.7929507659918135,0.09057928643451242,0.6722271740847203,0.11820615403349098,0.7929507659918135,0.09057928643451242,13
361,0.8537839542303122,0.06251905652896811,0.4459333214697697,0.08335875184148896,0.8537839542303122,0.06251905652896811,28
362,0.8636517531734332,0.05157403820290007,0.5982799157525918,0.13277217477327044,0.8636517531734332,0.05157403820290007,24
363,0.834860317127464,0.07847212917166428,0.5622134881854377,0.07336873549198258,0.8747198229352622,0.06824656964570637,23
364,0.5494398827378055,0.14356001738571791,0.3894367472484705,0.13518153444414815,0.6023039156248059,0.14444023285002597,21
365,1,0,0.9239981820966839,0.056924290092958504,1,0,33
366,0.8171217952622868,0.08932693222568504,0.7809074773383868,0.09610492406666392,0.9881705094133046,0.012801417860958899,54
367,0.8163699234557922,0.10263490729535077,0.6819558029566299,0.10137777843089277,0.8649572756087167,0.11467991353717916,18
368,0.9793784677304528,0.013090367676146056,0.7598391138199159,0.014860061186526174,0.9793784677304528,0.013090367676146056,42
369,0.9904292201138601,0.010515414207524117,0.8872708315196235,0.06239422645120323,0.9904292201138601,0.010515414207524117,92
370,0.7870512832890405,0.14318778193865347,0.7870512832890405,0.14318778193865347,0.7870512832890405,0.14318778193865347,8
371,0.4846726002444903,0.11769610374808738,0.3427245251961856,0.11943764545976406,0.617551997211521,0.1301497863785133,17
372,0.5966536949680055,0.1808429910637649,0.2690030655869345,0.13326485328357077,0.8187008210535229,0.10657045342329155,11
373,0.4861932944253488,0.2143897197142494,0.3802127657808721,0.19153687507042105,0.6714261327567268,0.10959672858608074,12
374,0.6356366144347663,0.165269805503402,0.4460964102289838,0.15670594775850827,0.684585389086096,0.16348588450030765,19
375,0.8105984442823496,0.09727759118024382,0.4371655408445296,0.1048658859119896,0.8607283549008896,0.08409068440461753,22
376,0.6061767349806461,0.12386655775828229,0.05050254485937062,0.053065607412991926,0.6061767349806461,0.12386655775828229,10
377,0.6645245677157349,0.16660358289109328,0.3215921993158602,0.12579209262827112,0.7182975750132882,0.16667816736568403,19
378,0.9105318706575221,0.08785540808951339,0.7032785995736421,0.11931272826842174,0.9105318706575221,0.08785540808951339,15
379,0.5224064021632875,0.08892096497925042,0.2590767636457119,0.09125840507275305,0.6630147208041098,0.11244311894677023,33
380,0.7415171029404345,0.07190033025242636,0.5498952677973017,0.0692972469282635,0.8323553409134749,0.06292556071409026,68
381,0.6583141163051672,0.10230270655883444,0.3456464123122199,0.09567763443192254,0.6756574166561701,0.09995134427825964,37
382,0.7879063036695634,0.09402847363130996,0.5451059022895222,0.16350918643957885,0.8969352356711833,0.05844529573916979,32
383,0.2932544698470838,0.1486978989268986,0.24945031512909902,0.14534436763513495,0.34507838373117955,0.1535484129096759,15
384,0.6598948958341827,0.12847778302766677,0.41489198275873435,0.08914490911784506,0.71931972698814,0.10375373459237049,51
385,0.35616886978729384,0.1379148535994024,0.35616886978729384,0.1379148535994024,0.40407417204016427,0.1390451708004377,14
386,0.3318080221571599,0.11550436853746822,0.06721805667983968,0.041748137234321074,0.3487156181054753,0.11587210802808642,24
387,0.38911974085642054,0.08730340867464809,0.07196866665864862,0.039538130288405915,0.46900374376307286,0.08525688625782056,28
388,0.220962451490963,0.12799350835660475,0.1096648030912824,0.08400256172917725,0.3182503639164749,0.15145711636684298,14
389,0.3254521597740182,0.2712185795255934,0,0,0.3254521597740182,0.2712185795255934,3
390,0.80226797065721,0.20084501456122694,0.80226797065721,0.20084501456122694,0.80226797065721,0.20084501456122694,4
391,0.4243604381551602,0.2277838061285501,0.1591554630654102,0.15876823694386882,0.4243604381551602,0.2277838061285501,6
392,0.17066589096449786,0.1276476806134869,0.09621940185870179,0.09782685205520221,0.17066589096449786,0.1276476806134869,10
393,0.6990276222983096,0.13263066314356042,0.3472289042149081,0.17019388940027191,0.6990276222983096,0.13263066314356042,9
394,0.709998195217075,0.18974334055104425,0.709998195217075,0.18974334055104425,0.709998195217075,0.18974334055104425,6
395,0.11186422259229403,0.09283781572502116,0.05363273690627157,0.058609718605888685,0.16262238919559419,0.11422342815403437,8
396,0,0,0,0,0,0,4
397,0.424362567920355,0.23943398988662054,0.28567290890500086,0.19850960880334817,0.424362567920355,0.23943398988662054,5
398,0.34763520701574785,0.2785750141158238,0.34763520701574785,0.2785750141158238,0.34763520701574785,0.2785750141158238,3
399,0.28941230472716656,0.12874813455551132,0.17227589730471823,0.1081003947735205,0.28941230472716656,0.12874813455551132,16
400,0.507268983015173,0.22758767062000912,0.3069612452610855,0.15733874395778616,0.5836409275015852,0.2374800820223809,8
402,0.9999999999999999,5.672975519977173e-17,0.8384092912324363,0.15712876212905588,0.56804029552112,0.2177614047791836,5
403,0.5821664512381521,0.16167324341921396,0.5388207652572438,0.16650943935562057,0.5821664512381521,0.16167324341921396,13
404,0.7868985583716765,0.08970915506411413,0.6211616327409053,0.1183519049009372,0.7950078634612902,0.0887617936124496,35
405,0.8984172047757366,0.06273955328834434,0.8092188184491972,0.08664298321972137,0.9269567938483934,0.05375709871484403,28
407,0.21901992333155815,0.16400340908598662,0.1340760588281871,0.13403740477185086,0.21901992333155815,0.16400340908598662,5
408,0.2810777809555124,0.11917463207338586,0.19910715680023228,0.10210085959199874,0.2810777809555124,0.11917463207338586,9
411,0.6754350681138104,0.19297180336627098,0.42789100014714476,0.15428333367507838,0.927287305793399,0.07182639194378979,12
412,0.9098171565451204,0.0509099532847106,0.8350324762678231,0.03346697851791748,1,0,22
413,0.594803708736718,0.2280643640352463,0.594803708736718,0.2280643640352463,0.594803708736718,0.2280643640352463,7
415,0.6463071481427378,0.21333745831680967,0.45246984388507994,0.23546651743762118,0.8242791149895708,0.16374546511856639,5
417,0.36094935548528395,0.2469110045900256,0.15926700245951897,0.16013186901434892,0.8457249483638392,0.15588036706107233,4
418,0.12870791735665613,0.1098603910260322,0.12870791735665613,0.1098603910260322,0.12870791735665613,0.1098603910260322,6
419,0.8657647188009256,0.12720827709947993,0.4197925321556852,0.14407109897531675,0.8657647188009256,0.12720827709947993,10
420,0.8802378186501141,0.0932577546666011,0.8802378186501141,0.0932577546666011,0.8802378186501141,0.0932577546666011,13
421,0.6131510601251028,0.2027211897345863,0.4953708490469398,0.1979607220215131,0.7353187462040544,0.2099153179721725,11
422,0.21988908105927157,0.14447058734563678,0.12187367763267958,0.11599764623084995,0.25509719028928485,0.14843616735796922,8
423,1,0,1,0,1,0,4
424,1,0,0.28959397244474816,0.2530324940333683,1,0,3
425,0.4897506573869851,0.1784389946529092,0.3271538571529682,0.15436040077883326,0.7882826227093613,0.14400843919071477,5
426,0.7266681889021475,0.14789756660050746,0.43756808840152395,0.19086529156921872,0.7474065576237751,0.14489668545644566,10
427,0.429807773513478,0.20513933932768733,0.1592398085933569,0.11493850091709312,0.429807773513478,0.20513933932768733,8
428,0.7196197706133246,0.1947587156271249,0.6184022391317863,0.15588763626669935,0.7196197706133246,0.1947587156271249,9
429,0.2089640927797069,0.09246109639866462,0.1060676611074988,0.05327548568535174,0.2089640927797069,0.09246109639866462,7
430,0.5360918362263353,0.18169102430950296,0.3230680423569851,0.14165959964546063,0.5360918362263353,0.18169102430950296,11
431,0.558211684573657,0.26814199113205983,0.47815795214625734,0.24431387510736724,0.7791058422868284,0.1340709955660299,10
432,0.12561161633343215,0.12386650352323846,0.12561161633343215,0.12386650352323846,0.12561161633343215,0.12386650352323846,6
433,0.6709031968492426,0.19172147122247837,0.6709031968492426,0.19172147122247837,0.6709031968492426,0.19172147122247837,6
434,0.7293728032650983,0.174240512842649,0.7293728032650983,0.174240512842649,0.7293728032650983,0.174240512842649,7
435,0.3160356216122692,0.1494495603192588,0.05121258131914041,0.0524495738718453,0.3570327239891732,0.15525179682959647,9
437,0.8757965940872146,0.07434722205010058,0.8344427101710135,0.08670693572866871,0.8757965940872146,0.07434722205010058,20
438,0.559360404803174,0.2441526050691679,0.47673633359863754,0.24325189343646234,0.559360404803174,0.2441526050691679,5
439,0.6751689317184134,0.13810941318988176,0.26817484011420567,0.12007973859914185,0.6751689317184134,0.13810941318988176,15
440,0.6349015216678604,0.179764419676062,0.36883396674285857,0.15325883956329528,0.768549503610263,0.15024175665635767,8
441,0.8840905554078741,0.09682638642446104,0.7089226880813441,0.09376854050422595,0.8840905554078741,0.09682638642446104,10
442,0.8942760431110474,0.06835041401963947,0.8314932548487758,0.0806651901984824,0.8942760431110474,0.06835041401963947,22
443,0.4373029390678472,0.1839931821031511,0.13814836289480514,0.07466803842959813,0.4373029390678472,0.1839931821031511,8
444,0.8310811744624302,0.03736973210810277,0.7642976784663977,0.0949128202716072,0.8310811744624302,0.03736973210810277,5
445,0.7765753066890748,0.12021419542626843,0.6004166913874733,0.16212950283598201,0.8105321190661037,0.11655288751789558,27
446,0.7948547079621551,0.15082518811041373,0.7948547079621551,0.15082518811041373,1,0,5
447,0.6840986729733138,0.15661634339542133,0.3405947347037821,0.12371602723859357,0.6840986729733138,0.15661634339542133,15
448,0.5264051920865828,0.19894430512755337,0.36074550700225994,0.18743713955424768,0.5929671508225127,0.20316929560512237,11
449,0.6726208475537012,0.1204059500602583,0.2522912585419427,0.10502909459148774,0.6726208475537012,0.1204059500602583,18
450,1,0,1,0,1,0,2
452,0.5502255322381929,0.16806937512132594,0.381018310463409,0.1954451134586246,0.6166151091869417,0.14255084121353634,11
453,0.14694056386885543,0.153757670369651,0.14694056386885543,0.153757670369651,0.14694056386885543,0.153757670369651,3
454,0.6634732222066267,0.1513716283715289,0.3097241599037212,0.18212472312321107,0.7340294006839021,0.1380973432714901,10
455,0.5868683407768935,0.14040456434230025,0.4066582395155511,0.16219781454564497,0.7050760866293703,0.11882055238668975,17
456,0.8570794172116896,0.06835361035108688,0.7501886487581427,0.09874216298952061,0.8570794172116896,0.06835361035108688,13
457,0.769956604433262,0.25085630602259196,0,0,0.769956604433262,0.25085630602259196,2
458,0.8586469974269667,0.13620582612937235,0.7413149614427337,0.12665497044186208,0.8586469974269667,0.13620582612937235,8
459,0.17946147296492432,0.18421069905020365,0.17946147296492432,0.18421069905020365,0.17946147296492432,0.18421069905020365,3
460,0.08518900945634601,0.08821996470048302,0.08518900945634601,0.08821996470048302,0.4439857692994906,0.2503265272012552,6
461,0.7471138381400058,0.17757427589034855,0.5560835801119351,0.15864652649241195,0.7471138381400058,0.17757427589034855,7
462,0.13870677813588536,0.13224794661174907,0.13870677813588536,0.13224794661174907,0.4377149731635109,0.14183347968395243,8
463,0.17565358012589793,0.18541525980547524,0.17565358012589793,0.18541525980547524,0.17565358012589793,0.18541525980547524,3
464,0.4178298601015423,0.18473010606644433,0.22404680160918133,0.24621997388312364,0.4178298601015423,0.18473010606644433,3
465,1,0,0.8619172574474403,0.15441467058320588,1,0,4
466,1,0,0.6840064959586535,0.2688575538409918,1,0,3
467,0.7018523057106714,0.15083609223418176,0.6446692308891728,0.15484942853888284,0.7018523057106714,0.15083609223418176,12
468,0.43250972510544594,0.1887826429816512,0.26958291856804484,0.1653510674345675,0.5752591113790706,0.18816610785293103,7
469,0.5314165799545115,0.2361608867170167,0.4949603506830866,0.2616010950797148,0.9293574561972983,0.042933596397327786,11
470,0.6477111919525212,0.19850677268877082,0.49705696328139415,0.20535704507904115,0.812462141541881,0.16728013185332646,6
471,0.2185003951978487,0.18026545339389521,0.08541849077216349,0.08518446904648687,0.92293667373323,0.07343698805010948,8
473,0.6659367942694684,0.13834660023370352,0.6659367942694684,0.13834660023370352,0.6659367942694684,0.13834660023370352,9
478,0.8084052225563342,0.1435949921485305,0.6479251857954547,0.13327609456767905,0.8214977693451352,0.14515721266099912,56
480,0.85050958545106,0.09790295260673616,0.24276038940346845,0.13815875226509527,0.8553858565592055,0.09329594889360697,15
482,0.5531645599978415,0.234187565252211,0.4706579627280526,0.23420159668902943,0.5918215304237208,0.23557411026195335,12
485,0.18260635487003465,0.10495756098262432,0.18260635487003465,0.10495756098262432,0.18260635487003465,0.10495756098262432,6
487,0.1245690841757138,0.11727225588274758,0.08417340077257462,0.08638658456990549,0.1245690841757138,0.11727225588274758,6
488,0.7825640839770857,0.128562138470971,0.7494447297940481,0.14256194775219047,0.7825640839770857,0.128562138470971,13
489,0.6697473527772617,0.27139300956863893,0.6697473527772617,0.27139300956863893,0.6697473527772617,0.27139300956863893,3
490,0.7957697983866838,0.12570402669284783,0.7680895237552023,0.12349431390412453,0.7957697983866838,0.12570402669284783,11
491,0.44724108220542236,0.15882120162862626,0.19093896444148536,0.11703621429023173,0.7813210830000707,0.11552007777422628,12
492,0.7832846394729068,0.13260475159597135,0.38134491314913904,0.24501663990395733,0.8448088598798463,0.10012536106880507,13
493,0.5158510784669212,0.22177991331048894,0.2729890543754715,0.2074385447925827,0.537604151889401,0.22012910830554952,14
494,0.27385368682315975,0.12623179779936913,0.18077524885038476,0.07469187279978264,0.7861561255918204,0.13776169473188754,19
495,0.1914124134236716,0.14183624324752603,0.16270305487333922,0.127543572274633,0.1914124134236716,0.14183624324752603,9
496,0.12793306395594162,0.08386762331791192,0.06340518260617331,0.048445199520436445,0.16852719180482026,0.102036395132245,15
497,0.8824262980169648,0.12194920726322059,0,0,1,0,4
498,0.3774364573589175,0.1858543236084732,0.3504083853612309,0.18335967098389983,0.6501377102915432,0.20323453386944665,17
499,0.404121740883124,0.21644432352001144,0.04475303548906237,0.03771091802635515,0.404121740883124,0.21644432352001144,11
500,0.8084924300184115,0.11578267853633903,0.73505890624503,0.11683970612037255,0.9137217216081456,0.07658247872893378,10
501,0.5151467636933388,0.2503509607772392,0.48212705723501326,0.2504985689010046,0.5749554626480877,0.25778663577529193,9
502,0.5043615353679158,0.1787532501734825,0.29716450789915516,0.16609526914549086,0.5043615353679158,0.1787532501734825,16
503,0.3575491238878132,0.12583541035879037,0.3575491238878132,0.12583541035879037,0.38883956542098463,0.12087420323655752,9
504,0.2172622883214519,0.18006099260842384,0.04922709990419794,0.05925178003676551,0.2172622883214519,0.18006099260842384,7
505,0.8265261920632738,0.09904051185895696,0.427539918821504,0.227602255901753,0.8645401377806958,0.08255608180354915,13
506,0.32167220973455735,0.24142551660177738,0.034891345447387936,0.03008279279231885,0.5290556743995904,0.18540580237492252,11
507,0.4292302809189794,0.2327798186404868,0.21557768900930965,0.14726789740424545,0.4292302809189794,0.2327798186404868,11
508,0.4175147742959456,0.2169994175232812,0.3893718636111551,0.21502502056181758,0.4175147742959456,0.2169994175232812,11
509,0.6710140287882618,0.1948902764525296,0.3813203815062819,0.16099289961293983,0.6710140287882618,0.1948902764525296,10
510,0.6364432434538081,0.16936053412518318,0.5084460219952431,0.17723486238465283,0.6364432434538081,0.16936053412518318,8
511,0.4071509389146179,0.17650632836559813,0.17906680633704825,0.10689531724874947,0.4071509389146179,0.17650632836559813,13
512,0.2892257998895824,0.18516626213686854,0.19157969624893273,0.13610034239624216,0.2892257998895824,0.18516626213686854,11
513,0.8386645424476629,0.09148512706561375,0.641523233666929,0.17827472451741283,0.8386645424476629,0.09148512706561375,14
514,0.5831058821155233,0.13700433779943832,0.5118448217939606,0.1410322415221373,0.5831058821155233,0.13700433779943832,11
515,0.421509797225862,0.2139615353114832,0.1523712897319961,0.10279204402472757,0.4717379067595739,0.2207965420248603,15
516,0.4984952028973328,0.2461108893186028,0.4984952028973328,0.2461108893186028,0.4984952028973328,0.2461108893186028,14
518,0.4760208265294936,0.039663640228191875,0.08902013763930919,0.08271065659539027,0.5033208930497344,0.04239906963467859,13
519,0.6867404857502272,0.18385711139114136,0.28025976105475314,0.21379310322570877,0.7316529787195815,0.17667666801882462,13
520,0.766084842170673,0.16900133373386175,0.10743596400562,0.0899459297214662,0.766084842170673,0.16900133373386175,10
521,0.45108927336204296,0.2055651931107905,0.12375968587204918,0.06833039077650395,0.45555845509707216,0.20499602787787907,18
522,0.6603123601757498,0.24016189997889453,0.30661100811746117,0.1985975640415302,0.6603123601757498,0.24016189997889453,10
523,0.5855078570577364,0.26917772919231003,0.516655951144418,0.2648789921922873,0.9607642433109937,0.043049552797924204,10
524,0.0993425824319459,0.0784659860559415,0.036858824758296584,0.04169197446985865,0.4367619127082507,0.2514037538937004,9
525,0.4807603917982433,0.2787892638331894,0.07282264716248849,0.06254643888523033,0.4807603917982433,0.2787892638331894,8
526,0.8117965789900022,0.12429973621346761,0.15497760558773027,0.11213444226103615,0.8117965789900022,0.12429973621346761,11
527,0.3303295639101979,0.2321952868980417,0.2899284909775427,0.21624881074247637,0.3498341511767434,0.2418348927182862,11
528,0.24396781568963163,0.11755739693429794,0.1643901377013092,0.09956915421958998,0.24396781568963163,0.11755739693429794,15
529,0.16568300848721684,0.12245246659942699,0.14436694250352494,0.1121504491561849,0.16568300848721684,0.12245246659942699,24
530,0.46072168502038197,0.21190845570898453,0.24859144709389105,0.17465569737514158,0.4814211909040533,0.21306233544537584,13
531,0.8887491792789632,0.10776799288950534,0.8887491792789632,0.10776799288950534,0.8887491792789632,0.10776799288950534,8
542,0.5208620756210863,0.1335150548273394,0.21300651504634283,0.13465344108484487,0.5414990647575987,0.1347296484794456,23
543,0.4033095819545031,0.1491250599994144,0.03146357720678603,0.02209393940208686,0.4033095819545031,0.1491250599994144,16
544,0.8196718275073615,0.10582951162369846,0.3604206152783518,0.22569363962017847,0.8558148483060478,0.09076695357639789,13
545,0.4605656375400566,0.15456866102190375,0.2570559526396673,0.14073518099523832,0.5238623626122675,0.1531203338415622,45
546,0.6639322102745557,0.085777201253594,0.4603220082026571,0.11590015711377429,0.7049077885265074,0.09639948665310198,40
547,0.6507442077349986,0.17438695119154252,0.05936187972272724,0.03588599259538563,0.737780677573983,0.14211006969684759,39
548,0.43345885835552594,0.1994385101123599,0.14765674243923205,0.09158125087616063,0.5346925908378625,0.2054063039950573,29
549,0.49501404239992647,0.1753188208726177,0.06342198321886389,0.037476241954219724,0.7221675887283082,0.1082378708311151,29
550,0.0867703725625867,0.04509206036129515,0.03296540493586584,0.022803593957026375,0.22944937094752668,0.12620186304392303,36
551,0.37364664122195523,0.07399513589939342,0.0837266340327551,0.04573666601600186,0.7122792368855735,0.05888250915731029,25
552,0.28162285670405784,0.07059958230502886,0.040787528092415225,0.03307366132984747,0.64269501401568,0.10703829625023803,20
553,0.08127049004572075,0.04260139417882396,0.06493394543721222,0.04043913579418495,0.1333697364002085,0.06743388369282548,22
554,0.6082890675768838,0.19004769601007432,0.3301321157957376,0.173197094456894,0.6761733765990641,0.17082363096335224,23
555,0.8196249472624583,0.10922603756364334,0.7598000674485517,0.13690725057833505,0.8820395067650528,0.0781070158910714,15
556,0.8390221976244376,0.10079474658222627,0.485186900028072,0.25156532306807416,0.8390221976244376,0.10079474658222627,17
557,0.4336477111279974,0.20630944810322943,0.05317500802404632,0.0381998716175726,0.4493400002920949,0.20073450479143368,20
558,0.746294505329127,0.0877787903150203,0.746294505329127,0.0877787903150203,0.746294505329127,0.0877787903150203,17
559,0.905437984579243,0.059514683395365545,0.8111844272233568,0.11101234553399017,0.905437984579243,0.059514683395365545,25
560,0.5402323164755569,0.2194864509922874,0.057567408447653345,0.0454222318681386,0.5659801145585586,0.21836290854992066,11
561,0.5972908834076627,0.11050486859160116,0.5185652451715694,0.1303947533544895,0.6486018075045679,0.11141507124384613,19
562,0.25376674969441276,0.15385170651056573,0.07772297981094992,0.05127417823511491,0.2668865369665469,0.15928023307100447,22
563,0.27120551510221635,0.1449040974285663,0.19106747337686333,0.10640228892764947,0.27120551510221635,0.1449040974285663,15
564,0.27898066927558185,0.14009380632058663,0.19914179340125476,0.12959302778955128,0.27898066927558185,0.14009380632058663,14
565,0.3969513805373086,0.2151211713718105,0.23483209521770257,0.14037668109840698,0.4414790413296945,0.23951850693085017,11
566,0.20927129774857584,0.1036570036156955,0.13115870493264423,0.06508295415311917,0.45398041723191074,0.22948972876527748,19
567,0.717766779677294,0.12347445119124051,0.5668202249946895,0.0916285824646096,0.7388654835296317,0.11619749067456461,34
568,0.29711532256255674,0.11987688913718382,0.2481836091191137,0.10340846885029743,0.46996395109274747,0.16064662669418925,30
569,0.3717730171286329,0.12279180158925683,0.14757505895700965,0.07474948669116631,0.5373126476179055,0.15669083130909472,31
570,0.4006282084817608,0.103641051365958,0.10393279774898721,0.06503875276005723,0.4224907759964698,0.10378899301175268,15
571,0.8272608537157959,0.10359101468246502,0.6799634249918278,0.14225099922373743,0.827835195851811,0.1024000273413409,25
572,0.4567658562075701,0.05109435611103134,0.41724131899374156,0.061275817118796566,0.49618054514473264,0.05163110826878304,22
573,0.18117988678843694,0.09641569874556986,0.05843109697421179,0.057100876738374474,0.3217461247872286,0.11860719212903285,16
574,0.30212893171951893,0.11384412803223494,0.07759362436144507,0.03807989729690087,0.6314952078834581,0.13154651348414464,26
575,0.6899457697440552,0.20197167094722193,0.6899457697440552,0.20197167094722193,0.6899457697440552,0.20197167094722193,19
576,0.7367344642446213,0.11899347051546123,0.19090264969591067,0.10014599783912138,0.784068107134474,0.10988680291288569,26
577,0.6034647307440296,0.17226983286796896,0.07784605884735446,0.04448228786991056,0.6217192297764337,0.16944640151011464,19
578,0.09329855998845356,0.05517927743207913,0.06208600460779173,0.04088537564387541,0.22524183039000495,0.08667191753777953,21
579,0.6300317344958708,0.1892689275706182,0.3566012983332169,0.15462292650611856,0.7747278439687182,0.17717047978859485,25
580,0.24011721778470274,0.14564828879590863,0.13465873102106812,0.06537713528841718,0.8915604371472136,0.1016435151063787,9
581,0.2678064678345863,0.17863262456613097,0.04228093990455233,0.028064103061322253,0.3046266601953824,0.17964988946893348,15
582,0.6042978682072591,0.20340136190769767,0.587463696248039,0.21241169475608357,0.6042978682072591,0.20340136190769767,15
583,0.18764923818871995,0.062492431921757886,0.0904214635241082,0.05268196032430575,0.2073790719397518,0.06937157574390115,20
584,0.1545628520493349,0.0665167028683079,0.09071740697249701,0.04713822557824932,0.5151081797109236,0.16903197845932386,28
585,0.3047999013825044,0.09561829670016254,0.2279940156144089,0.09304460001420915,0.3723387130950556,0.10572769551817755,45
586,0.34043799765141525,0.12099104982913671,0.14571506640192997,0.07403200997891474,0.4267099621842894,0.14569521799724963,30
587,0.48225945241095386,0.12637454268541265,0.2953043366623481,0.13367386197378572,0.6095350725114967,0.12357101437221026,38
588,0.7036791229303329,0.11526909134896766,0.39862679414702074,0.17400789788353205,0.7823410984831514,0.09274045283777882,23
589,0.40199035674449757,0.18943073418751308,0.31364538200620035,0.1991379564783492,0.4355695046594045,0.1859962534471079,40
590,0.9031737320750739,0.05687867070020919,0.38503802497339173,0.19397246662799966,0.9031737320750739,0.05687867070020919,20
591,0.09268331546853784,0.039813826985191696,0.04670952920854593,0.024310255128501792,0.3122048378445711,0.1429856928770378,33
592,0.6627590260787464,0.1383470302341963,0.22851300445610873,0.04919741911156744,0.6914433826993781,0.13014378411325997,51
593,0.6989334446171174,0.10417408989674039,0.33520311615115417,0.16235077072441859,0.7698404135139769,0.08216654623742882,37
594,0.25428115660100786,0.09052682452859981,0.14560860344612664,0.05407083518461456,0.3714092361391684,0.09915184622556737,56
595,0.4699853524270783,0.11975751551341494,0.09515805009344092,0.07280438279796762,0.5757545763555372,0.11477736482846818,45
596,0.4421458393318697,0.12104819737210883,0.0645287805392788,0.029280154710425166,0.6084195392179677,0.12559101466985645,32
597,0.49133930339022475,0.12853866354130386,0.21394382093061887,0.08112894094239026,0.519214111158997,0.12285073983655387,48
598,0.11400332676269925,0.03489418980331614,0.10307720041595655,0.031214222038437874,0.13417826957670306,0.03558802765679782,34
599,0.34944250677018934,0.14722073509183753,0.29899988717351395,0.1406821509910539,0.4503444627011951,0.15610302983421406,54
600,0.08609916045745628,0.030881635168360434,0.03986730864116013,0.021110958492068715,0.5556041495223832,0.10102859190951768,33
601,0.46875829580164646,0.17727319499137462,0.18912263414229433,0.06626229012665445,0.5140824896258586,0.17850568112051182,40
602,0.5933446768380217,0.11689123540457659,0.4090546533056042,0.10249857955035768,0.5969708110481576,0.11591682572792016,54
603,0.5044035507702584,0.12633749843431624,0.2836311910528283,0.07339205386342408,0.5280894854101585,0.13069254277772932,49
604,0.46607307687288224,0.08229818377857043,0.3324454413124239,0.08311627849448482,0.6168559504588117,0.0760553036523033,63
605,0.32844186976666184,0.1018758830832961,0.09255105306514584,0.04719246917605973,0.394008061221042,0.10525775632884928,35
606,0.6902422666344309,0.10959149852977203,0.39665652843419485,0.09135254720724012,0.7313274939053762,0.09800121091225343,51
607,0.7585955512501066,0.0784293961128789,0.6477536589504777,0.0789225468283322,0.8157314784577867,0.06724121606251594,57
608,0.3456375166855474,0.17797351903973785,0.19394181017417517,0.12755763611435594,0.39819495227841223,0.15180668549814538,20
609,0.3966606135234722,0.13310783483241312,0.36493760424030486,0.13014368029614395,0.5643644587635701,0.13980985268755844,18
610,0.15368787115587318,0.06162423885020974,0.07686317988161585,0.04576627755394017,0.30311254449287434,0.09874349859027039,30
611,0.34693256217031965,0.10603004797473317,0.18821015812819236,0.08114162017572253,0.34693256217031965,0.10603004797473317,19
612,0.42209715426705297,0.0823620880878128,0.18815695497279047,0.06753773218101546,0.5197727588269302,0.09508463720451699,34
613,0.06936870368933631,0.039445957861862474,0.035117515408627314,0.03159937753633249,0.23301643236369252,0.13517304186762716,18
614,0.28603632944445956,0.1280993092142064,0.09048207850333975,0.06090209700425495,0.5617442968379539,0.14329889393154427,18
615,0.5295512838540006,0.13593489430294267,0.4037279586860649,0.10906510712104359,0.6031869530807595,0.1308957136227787,53
616,0.5616752436805906,0.1432903147792083,0.40655715813525645,0.13147532469995254,0.653961090039797,0.13135628767907445,64
617,0.4847825965861028,0.10214149469421249,0.25953094852753505,0.11035372968922519,0.5402167227012312,0.10217591136827693,29
618,0.6148698974825183,0.09461265846608365,0.3979309200556977,0.08651988223409186,0.710240183623272,0.08216958237855289,59
619,0.7390514167099941,0.06052354222276244,0.4279526702547076,0.07559447081694033,0.7557418864789347,0.05853194230458361,91
620,0.32517494879247805,0.11897669024507444,0.2488638089658369,0.11552803839312638,0.410790481449585,0.12052744117088414,26
621,0.31058615108114196,0.10088295977732083,0.13392121014351926,0.06182922533401978,0.31058615108114196,0.10088295977732083,30
622,0.6220943149544197,0.09808396036511417,0.2972135749041527,0.11438455849587263,0.7784127874762858,0.07054131359949739,45
623,0.8030862715526543,0.05674853077127455,0.6498056382968712,0.06428179121962567,0.8195655345622487,0.05700529345311432,163
624,0.20797591950094352,0.08058973164349184,0.15543148521232292,0.07025682563813097,0.2871749586659247,0.11856094498452029,38
625,0.6654206514972063,0.08515523504337011,0.48269976735550085,0.08942199636486174,0.7194564058882271,0.07247840095561471,68
626,0.8377380456912735,0.06387485425547207,0.581171709380003,0.05183952930995032,0.8377380456912735,0.06387485425547207,150
627,0.3684248555931346,0.08097147637590327,0.18140651972764973,0.06602430710626452,0.46614514913737676,0.08824968689891576,41
628,0.8120189660732783,0.032995998324356623,0.6174963262876081,0.04123059073691114,0.842350318679769,0.0357593424331674,151
629,0.6280963694670932,0.08293575371057745,0.40089545087274425,0.06915890435287832,0.7481314254815699,0.08646268355359163,105
630,0.3920319733381956,0.16553005130170415,0.1258833314806231,0.11966549961730935,0.4575480735629124,0.15636039060547555,12
631,0.4644341575931707,0.12647450406757837,0.30727356178015147,0.1154765361673542,0.4142093136177532,0.11548161182285807,24
632,0.250584697054162,0.05284413791077503,0.1104059713897692,0.049940805649691444,0.3734016553471918,0.09973163070228805,35
633,0.11030322445720303,0.06944119717864111,0.0328534094797918,0.033757070459566274,0.21068934615496585,0.08842905789584811,21
634,0.345417301317021,0.06246427015853025,0.17356475927664447,0.05013092937309573,0.5028423758993436,0.07595788710578182,58
635,0.5655413988267194,0.10978092902540135,0.33910015514867686,0.1267009421651526,0.6506501077016269,0.09642923804008587,49
636,0.5759679691314734,0.08980175277140856,0.11963871562606122,0.06924530372849788,0.6352358086654435,0.08799150244013959,40
637,0.3241634180330518,0.07985489194543084,0.052431607141955994,0.028936447197968115,0.37412322878252235,0.09354917417303482,45
638,0.5015323444912544,0.22992943490152565,0.3618385820828383,0.18411474037548303,0.5015323444912544,0.22992943490152565,12
639,0.3549838241673701,0.15501484118557812,0.055988315711159274,0.03432778669424364,0.37205481598168083,0.1563810042411545,29
640,0.566101992257582,0.16148502909006476,0.5053701048409909,0.18155186637977183,0.6204103474169845,0.15404943754557512,28
801,0.9068805886971064,0.053959340587324975,0.7369139456099552,0.038206190021105625,0.9079195490514038,0.055831820572231544,48
802,0.8365569243740715,0.16124263335500724,0.8365569243740715,0.16124263335500724,0.8365569243740715,0.16124263335500724,4
803,0.663389318548101,0.27504774437073976,0.663389318548101,0.27504774437073976,0.663389318548101,0.27504774437073976,3
804,0.6601660541713877,0.12857730802014714,0.47360821336313197,0.14361293095301209,0.7515720618322884,0.09659608760109098,17
805,0.6904453441295546,0.16712695646299452,0.6904453441295546,0.16712695646299452,0.6904453441295546,0.16712695646299452,3
806,0.7709907386217297,0.11905285918690457,0.5547216781506109,0.17623667130825507,0.7825069819208439,0.1131586060080937,13
807,0.9548180929289541,0.04639817614759798,0.6691709122460499,0.10233768287438649,0.9548180929289541,0.04639817614759798,21
808,0.559160338409805,0.2339799727979672,0.44707907203286823,0.2223903435479032,0.559160338409805,0.2339799727979672,7
809,0.4911895981920899,0.2188328669849763,0,0,0.5310826746638959,0.21130062139558356,9
810,0.658408425287637,0.21371329212846688,0.05567635514396007,0.018072030512567065,0.7173689965954317,0.16413811215356922,8
811,0.6401911652053958,0.18784753762904394,0.5877388070139115,0.19347289391615471,0.6646009272573965,0.18506656066490673,15
812,0.8528399105160133,0.053134445213914736,0.25697522371895165,0.16090873037243025,0.9683909763678261,0.03556463784881315,16
813,0.6277729840998857,0.13325400841756913,0.46051053954892857,0.15678160945093633,0.7711495169639844,0.09890926251578085,27
814,0.7484245020149424,0.09795613018632054,0.1379815265388775,0.08400300594553939,0.8292105307192628,0.07015812599118763,19
815,0.8828663073939998,0.1247793327711665,0.19187701860477113,0.14566545623089913,0.8828663073939998,0.1247793327711665,8
816,0.5670206432648641,0.24000255930092532,0.4429022550256202,0.2252562006229814,0.597798400144667,0.21817848756258715,15
817,0.37442670116455984,0.18846646291121824,0.10249445008379657,0.05910186405163323,0.6428288908507218,0.16999822104305018,21
818,0.405430925595596,0.21185309584553655,0.3190441872913009,0.18723694630994114,0.405430925595596,0.21185309584553655,26
819,0.6082890693160825,0.12606582309254938,0.21667144906993768,0.1285224630582428,0.6082890693160825,0.12606582309254938,22
820,0.4943919827667709,0.20494255288937313,0.4943919827667709,0.20494255288937313,0.4943919827667709,0.20494255288937313,7
821,0.45407936735076165,0.22912226026346857,0.34008586903924387,0.2189787092345556,0.7078484365271601,0.22018418503817408,12
822,0.6581110467291238,0.16858114223881496,0.6581110467291238,0.16858114223881496,0.7791203311400767,0.12449827385575765,5
823,0.8524819564354527,0.12670773886523892,0.5453884296132245,0.1661097297778041,0.8524819564354527,0.12670773886523892,13
824,0,0,0,0,0.5087217439988803,0.35424818822116516,2
825,0.8538253645466732,0.06319410524928872,0.7169560425226204,0.0966940848567313,0.8648683004786553,0.06459441081354265,45
826,0.6080577967599634,0.16440068492280932,0.5346767046480916,0.16535543042936146,0.8078795910918958,0.10614073736726995,12
827,0.6026313486875203,0.08579045521917242,0.3547175106038076,0.13348755348438276,0.7204570722674627,0.11893530781836249,20
828,0.7550585471392426,0.20753754573250313,0.5613538028696575,0.19933584372605587,0.7550585471392426,0.20753754573250313,9
829,0.8103552965154032,0.10503987456053833,0.42876377284126593,0.11830994160494354,0.8494255049795548,0.11063197498973039,25
830,0.9076771980829244,0.0641105730178731,0.788782064866146,0.09959345690848155,0.9076771980829244,0.0641105730178731,18
831,0.7127096857290958,0.16393247714848025,0.48433918859999764,0.1648562049184082,0.8137831886503626,0.09426787894139319,18
832,1,0,0.4460489291855558,0.35023028826668495,1,0,2
833,0.5429717708598678,0.13871342249634347,0.2778337467304144,0.1128055074065645,0.702780894350093,0.15165280314730892,27
834,0.8728829666134935,0.09562738530467965,0.7650599320665578,0.14108384121824824,0.953290110598941,0.048446138477556445,10
835,0.7235977826857812,0.23277885990936154,0.5546639327191102,0.25118676130132767,0.564775167830562,0.2269346385185718,5
836,0,0,0,0,0,0,5
837,0.607604609784562,0.13752753439740717,0.39800740730820633,0.08063951082609849,0.6813281140839633,0.12553306304295206,27
838,0.522492322659189,0.12250280239951242,0.18830827363547348,0.0686285492319177,0.522492322659189,0.12250280239951242,18
839,0.3753806687966957,0.09432493883246458,0.2378905916087388,0.08877584401958419,0.733587606047406,0.07928920744610085,33
840,0.7042587714857574,0.11984670472015446,0.44675082542741545,0.09698028237523547,0.7387577459166,0.11898336059831205,24
841,0.3259331679694534,0.10310320908840577,0.23011732220901931,0.09404625722776672,0.3496659842619146,0.11067398984580117,31
842,0.3209991446272685,0.09303864324015841,0.23268304053282976,0.10117791654810962,0.3872753870683566,0.09557183514653401,32
843,0.40639571888224757,0.09150782780526036,0.25586313176486664,0.08571471660202672,0.505912523592603,0.09521443996400963,27
844,0.4028786372081302,0.16434760706573123,0.3386775906093842,0.16641098025905052,0.4028786372081302,0.16434760706573123,13
845,0.4186444881524475,0.14772156486636415,0.08056450273819389,0.04427997106449574,0.4584613114505739,0.14408595078359915,19
846,0.3129355999891493,0.1286304762212881,0.1727050798285251,0.07105664110993547,0.5257273961287726,0.1141576462656548,25
847,0.48624867200207816,0.07537895242787226,0.184241994956755,0.08773015402391433,0.5290090770531748,0.07622873352308585,28
848,0.6142461379194568,0.15756351644168512,0.2534643404671728,0.12953593943595648,0.7600285857980774,0.1324695241771042,22
849,0.3967929119487297,0.22165380790580408,0.09148604052784995,0.06723645481591542,0.3967929119487297,0.22165380790580408,8
850,0.5246478361406869,0.11942569709298036,0.3428912148313633,0.1458658208779871,0.5989927731117515,0.14717294326900765,14
851,0.5087913326472103,0.2539881358691314,0.47204786275425475,0.2541206091435471,0.5087913326472103,0.2539881358691314,9
852,0.17995526702044687,0.13640788849693813,0.14402655026681235,0.11019127752891152,0.17995526702044687,0.13640788849693813,6
853,0.8319733763660822,0.0875494795820819,0.6932013854650669,0.13263279085894056,0.8370345414861532,0.08405705093574686,25
854,0.18326303795748067,0.11236816178753564,0.18326303795748067,0.11236816178753564,0.758983572943856,0.1423806319948881,12
855,0.6792556873964842,0.15207886285132569,0.0920046556436329,0.07600662806310106,0.72877913962472185,0.17310487129328933,11
856,0.37658557382014446,0.20443225938192755,0.15335898891643884,0.07661174467046378,0.4029697140851807,0.2043190436482044,17
857,0.7168095049938225,0.24590533187845737,0.3949258435021997,0.11899860113922886,0.9601050239644224,0.046310177347923615,10
858,0.5906183565973206,0.1852530859243346,0.16045165299810019,0.14576832592805608,0.7195831366751879,0.16926676082975592,7
859,0.5183994594483768,0.24708666741227858,0.20191568502067905,0.1228327011360349,0.5398202028740661,0.2523911118017461,17
860,0.06850261678558622,0.08216354959862393,0.06850261678558622,0.08216354959862393,0.8717752798370562,0.1472512405346523,4
861,0.29572813829351974,0.143720009881624,0.1680004964764485,0.09254749952853795,0.36689571596176884,0.18534662519004014,20
862,0.8445225534820971,0.0834910700047161,0.8109965823140703,0.1003291870332317,0.8445225534820971,0.0834910700047161,8
863,0.656290369648733,0.20577441537157137,0.60278428243391,0.2282162227050919,0.6805066735387401,0.17841479431809262,10
864,0.11312679110650659,0.06264461004760136,0.061649033352849394,0.04231622395315483,0.36965282308203634,0.20235881260624716,17
865,0.35333390143791404,0.15069563000797837,0.25759964097588006,0.14014671650828436,0.38106022232111697,0.14624044034667916,16
866,0.40271124412472503,0.22064450819848117,0.40271124412472503,0.22064450819848117,0.40271124412472503,0.22064450819848117,5
867,0.14069954570815774,0.15374573547858156,0.14069954570815774,0.15374573547858156,0.14069954570815774,0.15374573547858156,4
868,0.5647806291938969,0.16487493486431526,0.49067078637563494,0.15678269137989992,0.7888263890265663,0.12237799200476882,10
869,0.25849026415402687,0.1977476725263854,0.05319046303526004,0.0414779467046858,0.25849026415402687,0.1977476725263854,9
870,0.815998936272267,0.11513230852901915,0.6284875214033623,0.16618058910462868,0.815998936272267,0.11513230852901915,11
871,0.9999999999999999,6.595931620556318e-17,0.8271734101272805,0.13258488523787157,0.9999999999999999,6.595931620556318e-17,9
872,0.7992434178933532,0.13094136505580944,0.6266859324179235,0.14352095784385507,0.914086884055882,0.07625833170577677,12
873,1,0,0.34987902826592726,0.23214513302820305,1,0,6
874,0.8698314126888557,0.12406322467529947,0.3741388604954003,0.14790091890739468,0.8698314126888557,0.12406322467529947,8
875,1,0,1,0,1,0,4
876,0.3403385834583741,0.20467126996946716,0.06119519000701097,0.04723482240936509,0.3403385834583741,0.20467126996946716,23
877,0.8635760048668505,0.08209420529146438,0.7518882800560198,0.12512712071425589,0.8635760048668505,0.08209420529146438,20
878,0.8547738659852432,0.13782270950840442,0.8547738659852432,0.13782270950840442,0.8547738659852432,0.13782270950840442,8
879,0.6522914726621127,0.10896789114221207,0.6347355350471735,0.11936672669362994,0.7981153387987932,0.04756691816823024,37
880,0.5897531263551827,0.07683160509533463,0.47681591036295745,0.07524317764045428,0.6819644584947174,0.06260712193068171,55
881,0.5983158525699602,0.1185467976412867,0.47782414864640255,0.12941063892255952,0.6093564764437839,0.11865033591261175,26
882,0.2264361516447584,0.1058754678600302,0.14973883821669196,0.08969935436527329,0.2601041843107446,0.11223463512115513,22
883,0.5769813981638372,0.22714390274176063,0.10894583366455288,0.07587871189727352,0.5769813981638372,0.22714390274176063,11
884,0.5510762863755286,0.16126438214804875,0.32667392528309924,0.15788212441376698,0.5885988052782916,0.1585119438893303,28
885,0.32845477884349844,0.1385174733105025,0.22412247495987536,0.11579406310890239,0.38765635047728153,0.14756470925023493,31
886,0.39231986134910823,0.15194345259032266,0.21480653174628428,0.10628210214424715,0.39231986134910823,0.15194345259032266,25
887,0.26693175774625105,0.1607658314717474,0.05840973463637665,0.03812430976792123,0.6446571967178621,0.1723082900090293,17
888,0.48461667367844735,0.2204434984327363,0.08933758382629944,0.05665316230850219,0.48461667367844735,0.2204434984327363,17
889,0.13511290719708646,0.04621815308736127,0.06136157337886208,0.037380009650228856,0.4447841240346067,0.19324932041558138,19
890,0.6470706574806161,0.16232166365590273,0.4228656720712092,0.22809139298850498,0.6470706574806161,0.16232166365590273,11
891,0.3728686599284941,0.1401910082473651,0.19984140483388035,0.12053328888317065,0.3908272821686002,0.14053044684782495,31
892,0.1515601555815322,0.04516074457272645,0.08956044151350882,0.029807948718879818,0.35427082487208655,0.11158499833242526,33
893,0.6085382682750629,0.23148217569643703,0.3425282460856355,0.19330768373677926,0.6243756168039027,0.23287903479343428,12
894,0.6583872051491982,0.2531215140481365,0.36323845134155086,0.2518518405273961,0.6583872051491982,0.2531215140481365,6
895,0.11826502456264995,0.06327660371035147,0.048790099040248246,0.03790044164336096,0.15315271174539394,0.07651219685373443,15
896,0.42235937576415933,0.07861464762736257,0.05948505099852846,0.04058658680159561,0.5177243305520698,0.10334140988675573,21
897,0.5622179187982963,0.2021619160573664,0.518154529819432,0.20383055482496165,0.5844182405104715,0.21162457271642282,15
898,0.5302372425404939,0.21643323121422145,0.09141883292911147,0.07170070444549845,0.543564042203279,0.21444041560417423,33
899,0.7661590467950626,0.1281698571441512,0.17358762093249894,0.09837802453103714,0.7851005818903765,0.11966000131530308,25
900,0.5809371339643667,0.12218856554148876,0.33775708572352064,0.1514483828372433,0.6094145196855945,0.10929282323525655,25
901,0.4920654085773584,0.1812108532235702,0.28107512319783406,0.1919600469300903,0.6250156251134831,0.16117661900531532,17
902,0.3434107160878789,0.11630958121816336,0.24760102380110877,0.1255815488581893,0.6902297087838024,0.099944630459835,21
903,0.3766663387387514,0.10567617862733573,0.14262403463208798,0.05521282585442881,0.6006996550098336,0.06216994991482858,35
904,0.6381549346192191,0.12300071363495631,0.38703655175974483,0.23583644742039306,0.7278351030668027,0.13687276623432473,19
905,0.4726176266086795,0.18593093434150806,0.20706256295890513,0.16426406090302373,0.7143399093347353,0.16789070624418856,24
906,0.19540562517490573,0.11315659898511285,0.02842539013124897,0.031072957041637532,0.2362897676864077,0.14031860102310947,11
907,0.3771197247089327,0.14849088373070826,0.3134239030821735,0.13784922093835375,0.3771197247089327,0.14849088373070826,28
908,0.47888934649475556,0.1408120153131155,0.19896824612342737,0.14973703151088602,0.5230902752737747,0.13580410453062944,26
909,0.4005540182007355,0.13166271894317286,0.3829104393090245,0.12975202639272437,0.45677866324653543,0.14400113944194845,18
910,0.2620454862602498,0.16026298714723894,0.20826106152531218,0.1637233396672072,0.2620454862602498,0.16026298714723894,20
911,0.4798436580764539,0.23030874128479964,0.12069561540967208,0.07574844176589474,0.5197692203842329,0.22879206689403134,14
912,0.4178636950911627,0.09767010926662323,0.18716686486202172,0.08014360739468131,0.4728777669787088,0.09147132778277005,34
913,0.5896769972135414,0.14485601277617816,0.42283737712737723,0.1749724620660459,0.5896769972135414,0.14485601277617816,26
914,0.4996672188309672,0.09156783030761388,0.1998060870259735,0.11802449551378989,0.5118563037572343,0.09242526397537323,23
915,0.7223740296657682,0.10628829049415987,0.24262885518651411,0.13502908787909707,0.7258880516846402,0.10498610648966653,24
916,0.44205689415098426,0.05972870807512834,0.44205689415098426,0.05972870807512834,0.44205689415098426,0.05972870807512834,5
917,0.47114715812507435,0.16878073088468434,0.4283938275740792,0.17762229934368384,0.5331221166402796,0.1551133222573879,25
918,0.36472256686654836,0.23060684419090707,0.2579178705030409,0.1917542615016033,0.40624750447920693,0.24492303447461006,19
919,0.686866758428155,0.15417186626063806,0.6056366915526925,0.17187717318591747,0.8835400296446652,0.06348758277159816,20
920,0.78987889805313,0.10570646808885628,0.3381104356096197,0.09804593843245975,0.8152113395082234,0.09923185761291593,31
921,0.5877883501186976,0.1853330735943278,0.44976639867251533,0.18925341837227036,0.7217392826907545,0.1682978100335491,7
922,0.4941329095457409,0.1733944041994588,0.4941329095457409,0.1733944041994588,0.6455880868952011,0.1693060311301543,6
923,0.2371298607861292,0.11772821143268983,0.15125196431673965,0.07992018038497138,0.38471740251861275,0.17023144745469532,12
924,0.4181077019937099,0.22184752026629248,0.4181077019937099,0.22184752026629248,0.4634013194069818,0.2285520809403108,11
925,0.5908770521004384,0.16773990321747234,0.5908770521004384,0.16773990321747234,0.6520139723169689,0.14814237705303668,11
926,0.24730445367605225,0.14183501696005896,0.11636404125509665,0.09872785986962197,0.24730445367605225,0.14183501696005896,8
927,0.8106260021951605,0.09570354023968206,0.7427563870524706,0.09104919291769964,0.8106260021951605,0.09570354023968206,38
928,0.42110428255548477,0.17798063311858647,0.14193554057991198,0.09551609358616459,0.42110428255548477,0.17798063311858647,12
929,0.335411326684418,0.09472299972481908,0.19056017053479773,0.08861102789020092,0.4605055722239451,0.12514867090502232,15
930,0.5135178355743316,0.15194509706735415,0.2629644933697572,0.1363594503230495,0.6729730257274605,0.10810999333905699,17
931,0.48768760418493257,0.20222236457286752,0.2546057265298666,0.16620995274926062,0.5270088142601692,0.19995462433840228,14
932,0.28120990743164564,0.18581782884253129,0.14628246317229127,0.09329964598290483,0.38589816877731015,0.16803496133646806,28
